substrate,eps_r,tan_delta,h_mm,h_over_lambda0,W_mm,L_mm,area_mm2,eps_eff,R_edge_ohm,matchable_by_inset,inset_mm,Q_rad,Q_c,Q_d,Q_t,efficiency,bandwidth_pct,directivity_dBi,gain_dBi,in_thin_substrate_range
RT/duroid 5880,2.2,0.0009,0.368333,0.003,48.532148695626454,41.24086494309865,2001.5077897547121,2.1744129564412558,129.6483299082269,True,11.82461849669253,201.27001895935314,275.41350015691756,1111.111111111111,105.27031686125693,0.5230302923681667,0.6717065224339654,7.164704742703955,4.349973169184698,True
RT/duroid 5880,2.2,0.0009,0.466139,0.0037966101694915256,48.532148695626454,41.197466584183864,1999.4015741467133,2.1681509996871906,154.95508144824524,True,12.676471769388632,158.73124514892106,348.54589850366966,1111.111111111111,99.31453628234065,0.6256772961691577,0.7119876718681643,7.1700678456553,5.133571806692342,True
RT/duroid 5880,2.2,0.0009,0.563945,0.004593220338983051,48.532148695626454,41.15247272273512,1997.2179253724926,2.1620894708574636,173.22810989820786,True,13.146710901562175,130.938713196148,421.67829685042176,1111.111111111111,91.67048230942889,0.7001022086730396,0.7713573565587083,7.175286392620105,5.626900870225128,True
RT/duroid 5880,2.2,0.0009,0.661751,0.005389830508474577,48.532148695626454,41.10596694158438,1994.9608998864783,2.1562179012345264,186.52758879851132,True,13.432307303725356,111.35445243207992,494.8106951971739,1111.111111111111,84.02438251251422,0.7545668868855017,0.8415496340185029,7.180367007046611,5.957344435807135,True
RT/duroid 5880,2.2,0.0009,0.759557,0.006186440677966102,48.532148695626454,41.05802730052576,1992.6342860982068,2.150526571967819,196.3746788522245,True,13.616571201172125,96.80796943351471,567.943093543926,1111.111111111111,76.97952149437855,0.7951775245864046,0.9185378996700155,7.185315886225629,6.18995685004216,True
RT/duroid 5880,2.2,0.0009,0.857363,0.006983050847457628,48.532148695626454,41.008726798865965,1990.2416268208844,2.14500644639875,203.80698959944792,True,13.740185457139045,85.57548002573434,641.0754918906781,1111.111111111111,70.694015162498,0.8261012984237872,1.0002349228983443,7.190138836389637,6.3604718840375725,True
RT/duroid 5880,2.2,0.0009,0.955169,0.007779661016949153,48.532148695626454,40.95813379108688,1987.786239444391,2.1396491097039023,209.5210621659113,True,13.825070985401648,76.63922081430715,714.2078902374303,1111.111111111111,65.15378741998221,0.8501363496093789,1.0853224426759307,7.194841304307871,6.4897271630275295,True
RT/duroid 5880,2.2,0.0009,1.052975,0.008576271186440679,48.532148695626454,40.90631236117397,1985.2712341022375,2.1344467149392283,213.98774755492207,True,13.883937587372895,69.35955535083131,787.3402885841824,1111.111111111111,60.28554973153791,0.8691743974799768,1.1729524688199293,7.199428405786525,6.590497657778421,True
RT/duroid 5880,2.2,0.0009,1.150781,0.009372881355932203,48.532148695626454,40.85332266041391,1982.6995300656135,2.1293919346981225,217.5303915055437,True,13.924589837349632,63.31428826444847,860.4726869309345,1111.111111111111,56.00240770295541,0.884514526469079,1.2626528613105845,7.203904951428569,6.670954649081664,True
RT/duroid 5880,2.2,0.0009,1.248587,0.01016949152542373,48.532148695626454,40.79922121282928,1980.0738705667877,2.124477917705888,220.37525475598613,True,13.952048268333359,58.213501668169414,933.6050852776866,1111.111111111111,52.221333176686194,0.8970656579698644,1.3540691317903064,7.2082754699615395,6.736517780563547,True
RT/duroid 5880,2.2,0.0009,1.346393,0.010966101694915254,48.532148695626454,40.74406119187619,1977.396836227839,2.1196982497657144,222.68374506573872,True,13.969669531552384,53.851510713234916,1006.7374836244387,1111.111111111111,48.86895542038516,0.907476034992177,1.4469533581222935,7.212544229401969,6.790895877689169,True
RT/duroid 5880,2.2,0.0009,1.444199,0.01176271186440678,48.532148695626454,40.68789267156737,1974.6708572481973,2.1150469185498273,224.57317456008406,True,13.979772269977767,50.07834146877342,1079.8698819711908,1111.111111111111,45.88260949268059,0.9162166347160459,1.5411279209825146,7.216715256291323,6.836696981377455,True
RT/duroid 5880,2.2,0.0009,1.542005,0.012559322033898307,48.532148695626454,40.63076285478642,1971.8982244852305,2.110518281796245,226.13031772761136,True,13.984003627875778,46.78206332530769,1153.0022803179431,1111.111111111111,43.209582099262946,0.9236356634977205,1.636470316677283,7.220792353209173,6.875799289047749,True
RT/duroid 5880,2.2,0.0009,1.639811,0.013355932203389832,48.532148695626454,40.5727162812178,1969.081099545527,2.1061070385285676,227.42041707075228,True,13.983562593245875,43.877444025294494,1226.1346786646952,1111.111111111111,40.805793068954806,0.9299947609854179,1.732866482570836,7.224779114744307,6.909584134890837,True
RT/duroid 5880,2.2,0.0009,1.737617,0.014152542372881358,48.532148695626454,40.51379501702295,1966.221523990288,2.101808202964969,228.49327068989464,True,13.979340838555018,41.29843613378969,1299.2670770114473,1111.111111111111,38.63441760789209,0.9354934768651458,1.8302558853144142,7.228678942082816,6.93908657747839,True
RT/duroid 5880,2.2,0.0009,1.835423,0.014949152542372883,48.532148695626454,40.45403882813884,1963.3214277458806,2.097617080824373,229.38741915461767,True,13.972014222895037,38.993065764492336,1372.3994753581994,1111.111111111111,36.664638019651434,0.9402861073067714,1.928583017864522,7.232495056353493,6.965095251060173,True
RT/duroid 5880,2.2,0.0009,1.933229,0.015745762711864408,48.532148695626454,40.393485338855136,1960.382636799925,2.09352924777381,230.13307339967253,True,13.962103818366298,36.91987281898296,1445.5318737049515,1111.111111111111,34.87057878439324,0.9444934698275547,2.027805589420705,7.23623051085457,6.988220106671179,True
RT/duroid 5880,2.2,0.0009,2.031035,0.016542372881355932,48.532148695626454,40.332170177134834,1957.4068802540187,2.089540529791959,230.75419471497491,True,13.950017568124517,35.04537974162266,1518.6642720517036,1111.111111111111,33.230423987855794,0.9482112687279207,2.127891223889192,7.239888202271723,7.008939324812276,True
RT/duroid 5880,2.2,0.0009,2.128841,0.01733898305084746,48.532148695626454,40.27012710797674,1954.395796796105,2.085646985250746,231.2699944081761,True,13.936079319882795,33.34225801821535,1591.7966703984557,1111.111111111111,31.725696206029887,0.9515161267331592,2.2288150948162126,7.243470880984901,7.027632414066271,True
RT/duroid 5880,2.2,0.0009,2.226646,0.018135593220338985,48.532148695626454,40.20738815597312,1951.3509406484575,2.081844888540124,231.69603012905247,True,13.92054944222899,31.78797788019605,1664.9290687452078,1111.111111111111,30.340671070183962,0.9544699944278695,2.330558199981575,7.246981160550746,7.044603961297246,True
RT/duroid 5880,2.2,0.0009,2.324452,0.01893220338983051,48.532148695626454,40.143983718088236,1948.2737870410658,2.078130715081393,232.04501776368292,True,13.903639713435735,30.36379889292764,1738.06146709196,1111.111111111111,29.061902907600032,0.9571234156200775,2.4331060822296378,7.250421526437943,7.060100938344379,True
RT/duroid 5880,2.2,0.0009,2.422258,0.019728813559322034,48.532148695626454,40.07994266757291,1945.1657372548316,2.0745011275920193,232.32743998820493,True,13.885524240415188,29.054005079786005,1811.193865438712,1111.111111111111,27.87784011232704,0.959517974742929,2.5364478674986155,7.253794344084563,7.074325492366417,True
RT/duroid 5880,2.2,0.0009,2.520064,0.02052542372881356,48.532148695626454,40.01529244983154,1942.0281232742032,2.070952963480286,232.5520075734824,True,13.866347579514388,27.84531814851182,1884.326263785464,1111.111111111111,26.778512549140515,0.9616881518939183,2.640575532129607,7.257101866339076,7.087444521561569,True
RT/duroid 5880,2.2,0.0009,2.61787,0.021322033898305084,48.532148695626454,39.95005917097296,1938.8622120847351,2.0674832232615645,232.7260127658247,True,13.846230854533433,26.726442242328073,1957.4586621322162,1111.111111111111,25.755276660405038,0.9636627436933993,2.7454833384103075,7.260346240340413,7.09959693019858,True
RT/duroid 5880,2.2,0.0009,2.715676,0.022118644067796615,48.532148695626454,39.88426767969949,1935.6692096473441,2.0640890598997674,232.85560266680758,True,13.825276420931981,25.687707058264404,2030.5910604789685,1111.111111111111,24.800606814033515,0.9654659622901031,2.851167395238055,7.263529513886656,7.110899186287193,True
RT/duroid 5880,2.2,0.0009,2.813482,0.02291525423728814,48.532148695626454,39.817941643122566,1932.4502645778011,2.0607677689879034,232.9459926780606,True,13.803571460936775,24.720785396387136,2103.7234588257206,1111.111111111111,23.907923780105218,0.9671182932399585,2.9576253129806003,7.266653641337007,7.1214496226977,True
RT/duroid 5880,2.2,0.0009,2.911288,0.023711864406779665,48.532148695626454,39.75110361703303,1929.2064715571016,2.0575167796907707,233.0016345942812,True,13.781190782971418,23.818467636770045,2176.8558571724725,1111.111111111111,23.07145310760408,0.9686371709314854,3.0648559300460847,7.269720489087124,7.131331797566326,True
RT/duroid 5880,2.2,0.0009,3.009094,0.02450847457627119,48.532148695626454,39.68377511110248,1925.938874495826,2.0543336463808473,233.02635005647826,True,13.75819902227702,22.974480192292713,2249.988255519225,1111.111111111111,22.286107666291304,0.97003751465801,3.172853210601873,7.2727318406541075,7.140617143047676,True
RT/duroid 5880,2.2,0.0009,3.1069,0.025305084745762714,48.532148695626454,39.61597664944429,1922.648469473296,2.051216040905542,233.02343731313647,True,13.734652386193384,22.183338247139112,2323.1206538659767,1111.111111111111,21.547389796064106,0.9713321573159972,3.281622614204279,7.275689401403755,7.149367070432752,True
RT/duroid 5880,2.2,0.0009,3.204706,0.02610169491525424,48.532148695626454,39.547727826922454,1919.3362074703646,2.048161745430243,232.99575724206306,True,13.710600049836337,21.440225456728914,2396.253052212729,1111.111111111111,20.85130943215926,0.9725321906824992,3.3911678344256706,7.278594802949666,7.157634656185767,True
RT/duroid 5880,2.2,0.0009,3.302512,0.026898305084745767,48.532148695626454,39.47904736155822,1916.0029969128232,2.04516864580717,232.94580313148992,True,13.686085280917974,20.740895020079726,2469.385450559481,1111.111111111111,20.194315302884107,0.9736472453736223,3.501486756128272,7.281449607250934,7.165466002150074,True
RT/duroid 5880,2.2,0.0009,3.400318,0.02769491525423729,48.532148695626454,39.40995314335252,1912.6497060408556,2.042234725424981,232.8757576488543,True,13.661146352934,20.081587821653034,2542.517848906233,1111.111111111111,19.573236870228516,0.9746857192798078,3.612633468771171,7.284255310432699,7.172901340388562,True
RT/duroid 5880,2.2,0.0009,3.498124,0.028491525423728816,48.532148695626454,39.340462279811476,1909.2771651184942,2.0393580594984755,232.7875396310561,True,13.635817291671236,19.458964302176636,2615.650247252985,1111.111111111111,18.98523513665727,0.9756549650761025,3.7245135214863896,7.287013346351577,7.179975936372748,True
RT/duroid 5880,2.2,0.0009,3.59593,0.02928813559322034,48.532148695626454,39.270591138437005,1905.8861684957753,2.036536809761651,232.68284273488524,True,13.610128489451675,18.87004744478233,2688.7826455997374,1111.111111111111,18.4277608000982,0.9765614450107583,3.837179833789735,7.2897250899259785,7.186720831803022,True
RT/duroid 5880,2.2,0.0009,3.693736,0.030084745762711865,48.532148695626454,39.20035538641964,1902.4774765351194,2.0337692195308783,232.56316753702222,True,13.584107213677688,18.31217481643019,2761.9150439464893,1111.111111111111,17.898518524213394,0.9774108593674165,3.950635661090461,7.292391860249526,7.193163459034642,True
RT/duroid 5880,2.2,0.0009,3.791542,0.030881355932203394,48.532148695626454,39.12977002775017,1899.0518174124386,2.031053609108061,232.42984833119917,True,13.557778030340563,17.782958029694367,2835.0474422932416,1111.111111111111,17.39543631843357,0.9782082536204774,4.064934540420654,7.295014923504204,7.199328152056561,True
RT/duroid 5880,2.2,0.0009,3.889348,0.03167796610169492,48.532148695626454,39.058849437947316,1895.609888802545,2.0283883714964523,232.28407560814728,True,13.531163158680187,17.280248318877867,2908.1798406399935,1111.111111111111,16.916639204321733,0.9789581082490054,4.179980245672894,7.2975954956883236,7.2052365736220985,True
RT/duroid 5880,2.2,0.0009,3.987154,0.03247457627118644,48.532148695626454,38.98760739658118,1892.152359457584,2.0257719684043116,232.12691500180358,True,13.504282769765863,16.802107180708425,2981.312238986746,1111.111111111111,16.460426491218378,0.9796644143609349,4.295826750528819,7.300134745173211,7.210908074030287,True
RT/duroid 5880,2.2,0.0009,4.08496,0.033271186440677974,48.532148695626454,38.916057117757006,1888.6798706864754,2.0232029265138105,231.95932332821124,True,13.47715523913761,16.346781230927277,3054.444637333498,1111.111111111111,16.025252102274496,0.9803307376473318,4.4124781976441465,7.30263379510121,7.2163599938906176,True
RT/duroid 5880,2.2,0.0009,4.182766,0.034067796610169496,48.532148695626454,38.8442112787094,1885.1930377426547,2.020679833994637,231.78216222078794,True,13.44979736160867,15.912680586831064,3127.57703568025,1111.111111111111,15.60970748772523,0.9809602726924233,4.529938872950009,7.305093725636578,7.221607920742658,True
RT/duroid 5880,2.2,0.0009,4.280572,0.03486440677966102,48.532148695626454,38.77208204664469,1881.6924511267894,2.0182013372435534,231.5962097690934,True,13.422224534739216,15.498360211931525,3200.709434027002,1111.111111111111,15.212506740151104,0.981555889276573,4.6482131841590215,7.307515576079931,7.226665907476565,True
RT/duroid 5880,2.2,0.0009,4.378378,0.035661016949152545,48.532148695626454,38.69968110395776,1878.1786778106034,2.015766137832803,231.40217049186572,True,13.394450916242507,15.102503759650482,3273.841832373754,1111.111111111111,14.832473590090055,0.9821201720020842,4.76727445416205,7.309900346855908,7.231546658984811,True
RT/duroid 5880,2.2,0.0009,4.476184,0.03645762711864407,48.532148695626454,38.62701967193849,1874.652262387407,2.0133729896517347,231.20068391436402,True,13.366489559597893,14.723909533907351,3346.9742307205065,1111.111111111111,14.468530012516222,0.9826554543273293,4.887193603475475,7.312249001383036,7.236261692275504,True
RT/duroid 5880,2.2,0.0009,4.57399,0.0372542372881356,48.532148695626454,38.554108533074874,1871.1137281545105,2.011020696227355,230.99233197150366,True,13.338352531361739,14.361478249821111,3420.106629067259,1111.111111111111,14.11968621761654,0.9831638478993217,5.007981298239653,7.314562467833998,7.240821474322448,True
RT/duroid 5880,2.2,0.0009,4.671796,0.038050847457627116,48.532148695626454,38.48095805204981,1867.5635781322453,2.0087081082107203,230.77764541925308,True,13.310051013040798,14.014202330796897,3493.2390274140103,1111.111111111111,13.785031834736943,0.9836472679178935,5.129552168292908,7.316841640793825,7.245235541162493,True
RT/duroid 5880,2.2,0.0009,4.769602,0.038847457627118644,48.532148695626454,38.40757819552181,1864.0022960239646,2.0064341210171666,230.55710940526535,True,13.281595389890022,13.681156521526828,3566.3714257607626,1111.111111111111,13.463728127742963,0.9841074551378935,5.251960801077567,7.319087382823035,7.249512601135858,True
RT/duroid 5880,2.2,0.0009,4.867408,0.03964406779661017,48.532148695626454,38.33397855077244,1860.4303471210435,2.0041976726093833,230.3311683241676,True,13.252995328590913,13.36148963187077,3639.503824107515,1111.111111111111,13.155001104466953,0.9845459950130646,5.375211877376122,7.321300525932081,7.253660624668038,True
RT/duroid 5880,2.2,0.0009,4.965214,0.0404406779661017,48.532148695626454,38.26016834329666,1856.8481791565737,2.001997741413211,230.1002300621147,True,13.224259845437391,13.05441725573692,3712.636222454267,1111.111111111111,12.858135403296563,0.9849643344015147,5.499310154855079,7.3234818729730495,7.257686922588275,True
RT/duroid 5880,2.2,0.0009,5.06302,0.04123728813559323,48.532148695626454,38.18615645340659,1853.2562231111845,1.9998333443568848,229.86466971818336,True,13.19539736638805,12.759215333168429,3785.76862080102,1111.111111111111,12.572468857022692,0.9853637961842154,5.624260454933473,7.325632198954075,7.261598214650451,True
RT/duroid 5880,2.2,0.0009,5.160826,0.04203389830508475,48.532148695626454,38.11195143191372,1849.6548939741303,1.9977035350251662,229.62483287619148,True,13.166415780124195,12.475214443819857,3858.901019147771,1111.111111111111,12.29738764839405,0.9857455920916934,5.750067652266397,7.327752252281494,7.265400689652597,True
RT/duroid 5880,2.2,0.0009,5.258631,0.04283050847457628,48.532148695626454,38.03756151494986,1846.0445914625848,1.995607401920495,229.38103848898743,True,13.13732248507284,12.20179473664217,3932.0334174945233,1111.111111111111,12.032321983896734,0.9861108339876832,5.8767366662976785,7.329842755934469,7.2691000583294585,True
RT/duroid 5880,2.2,0.0009,5.356437,0.043627118644067805,48.532148695626454,37.9629946379821,1842.425700701817,1.9935440668239055,229.13358142769883,True,13.10812443120478,11.93838141449506,4005.1658158412756,1111.111111111111,11.776742222474732,0.9864605438201135,6.004272454459447,7.331904408576334,7.272701600009476,True
RT/duroid 5880,2.2,0.0009,5.454243,0.044423728813559334,48.532148695626454,37.888258449073696,1838.7985928687701,1.9915126832490104,228.8827347404937,True,13.078828157294891,11.68444070406367,4078.2982141880284,1111.111111111111,11.530155404549042,0.986795662417888,6.132680006690058,7.333937885606736,7.276210203875772,True
RT/duroid 5880,2.2,0.0009,5.552049,0.04522033898305085,48.532148695626454,37.81336032143828,1835.1636258013443,1.9895124349828708,228.62875165878498,True,13.049439824228939,11.439476251266088,4151.430612534779,1111.111111111111,11.292102134035158,0.9871170572853264,6.261964341013285,7.335943840158236,7.27963040554449,True
RT/duroid 5880,2.2,0.0009,5.649855,0.046016949152542376,48.532148695626454,37.73830736533185,1831.5211445755403,1.9875425347080427,228.37186738327352,True,13.019965244855852,11.20302589061948,4224.563010881532,1111.111111111111,11.062153772314783,0.9874255295238894,6.39213049997619,7.337922904040858,7.282966419568507,True
RT/duroid 5880,2.2,0.0009,5.747661,0.046813559322033904,48.532148695626454,37.66310643932355,1827.871482052457,1.9856022227005115,228.11230067757236,True,12.990409910812613,10.974658744046105,4297.695409228284,1111.111111111111,10.839909908461761,0.9877218199921299,6.523183547785534,7.339875688637764,7.286222168386226,True
RT/duroid 5880,2.2,0.0009,5.845467,0.04761016949152543,48.532148695626454,37.58776416098336,1824.2149593969834,1.9836907655986302,227.85025529324272,True,12.960779016688571,10.753972610557593,4370.827807575037,1111.111111111111,10.62499607459935,0.9880066147991096,6.655128568015456,7.341802785755035,7.289401308161027,True
RT/duroid 5880,2.2,0.0009,5.943273,0.048406779661016947,48.532148695626454,37.51228691702228,1820.551886569928,1.981807455238523,227.58592124676431,True,12.93107748184549,10.540591613331348,4443.960205921788,1111.111111111111,10.417061679196124,0.9882805502132359,6.787970661783711,7.343704768428337,7.2925072518944525,True
RT/duroid 5880,2.2,0.0009,6.041079,0.049203389830508475,48.532148695626454,37.4366808729178,1816.8825627951614,1.979951607551762,227.31947596616007,True,12.901309970166205,10.334164075028264,4517.0926042685405,1111.111111111111,10.215778134489918,0.9885442170572445,6.921714946314974,7.345582191689044,7.295543190143324,True
RT/duroid 5880,2.2,0.0009,6.138885,0.05,48.532148695626454,37.36095198205558,1813.2072770032812,1.9781225615214137,227.0510853226188,True,12.871480907968701,10.134360595915497,4590.225002615292,1111.111111111111,10.020837157147636,0.9887981646505044,7.05636655382426,7.3474355932921975,7.298512109626153,True
RO4003C,3.55,0.0027,0.368333,0.003,40.70041245692691,32.52556563184108,1323.8039366107787,3.4859412468414392,111.95854743603037,True,8.685373138067561,251.50387302764076,275.41350015691756,370.3703703703703,97.02157365927734,0.38576572396805386,0.7288143629110615,6.312192857451329,2.1754292286109527,True
RO4003C,3.55,0.0027,0.466139,0.0037966101694915256,40.70041245692691,32.504850933264365,1322.9608398347852,3.4704924961770653,137.78220301732702,True,9.56322957987426,198.5375504107387,348.54589850366966,370.3703703703703,94.2872029703953,0.47490866476055504,0.7499502093116618,6.317564324547671,3.0836652585941584,True
RO4003C,3.55,0.0027,0.563945,0.004593220338983051,40.70041245692691,32.48198615082746,1322.0302337588655,3.4556203180806113,158.35999969326366,True,10.071655804384939,163.92668837953235,421.67829685042176,370.3703703703703,89.51137860763932,0.5460451833224221,0.7899632151161475,6.322779239188563,3.6950650445457867,True
RO4003C,3.55,0.0027,0.661751,0.005389830508474577,40.70041245692691,32.45709548075563,1321.017173220613,3.441289717993512,174.76703635532797,True,10.397868499901282,139.53340469503198,494.8106951971739,370.3703703703703,84.12043746071691,0.6028695253625671,0.8405886915825963,6.32784551573068,4.130078827076549,True
RO4003C,3.55,0.0027,0.759557,0.006186440677966102,40.70041245692691,32.43029383166773,1319.9263350482095,3.4274686044944334,187.96389575170537,True,10.62123147943855,121.41133028596145,567.943093543926,370.3703703703703,78.75750048071527,0.6486832842965878,0.8978091120178873,6.3327705012006055,4.453097570046783,True
RO4003C,3.55,0.0027,0.857363,0.006983050847457628,40.70041245692691,32.40168770728907,1318.762053987204,3.4141274868065685,198.70266273687517,True,10.781144522082785,107.41482326178387,641.0754918906781,370.3703703703703,73.69424444320839,0.6860714583461721,0.9594739755785354,6.3375610276206,4.701254551294356,True
RO4003C,3.55,0.0027,0.955169,0.007779661016949153,40.70041245692691,32.37137598760298,1317.528354493701,3.4012392099562856,207.54783994939663,True,10.899305122392844,96.27703140765591,714.2078902374303,370.3703703703703,69.02813822479193,0.7169741029146733,1.0244187320368847,6.342223458468965,4.897258150929781,True
RO4003C,3.55,0.0027,1.052975,0.008576271186440679,40.70041245692691,32.339450622085366,1316.2289789492959,3.3887787221670105,214.91870111487393,True,10.988594600559216,87.20176141188726,787.3402885841824,370.3703703703703,64.77624904512224,0.7428318877546435,1.0916469776615998,6.346763730044824,5.0556691155450135,True
RO4003C,3.55,0.0027,1.150781,0.009372881355932203,40.70041245692691,32.30599724658048,1314.8674127681707,3.3767228699517697,221.12750996478036,True,11.057114574403638,79.66347237849439,860.4726869309345,370.3703703703703,60.920051762928374,0.7647175040712145,1.1607372124156676,6.351187388391822,5.1861976996512835,True
RO4003C,3.55,0.0027,1.248587,0.01016949152542373,40.70041245692691,32.271095733646646,1313.4469067963928,3.365050217088882,226.40883971638485,True,11.110200703368063,73.30127217258604,933.6050852776866,370.3703703703703,57.42689142676422,0.7834364905912413,1.2313350311852067,6.3554996223394165,5.295537583114241,True
RO4003C,3.55,0.0027,1.346393,0.010966101694915254,40.70041245692691,32.23482068475966,1311.9704973447974,3.3537408842591594,230.94086559066943,True,11.151502423221293,67.85911610987445,1006.7374836244387,370.3703703703703,54.260180608683,0.7996004622404356,1.3031922585513827,6.35970529314015,5.388435658211405,True
RO4003C,3.55,0.0027,1.444199,0.01176271186440678,40.70041245692691,32.19724187155707,1310.4410241478101,3.3427764066142283,234.86054895337043,True,11.183596244915924,63.15030516954252,1079.8698819711908,370.3703703703703,51.384098206563166,0.8136793332765364,1.3761308051928631,6.363808961114101,5.46834181557752,True
RO4003C,3.55,0.0027,1.542005,0.012559322033898307,40.70041245692691,32.1584246322948,1308.8611464993967,3.332139606953616,238.27443800213115,True,11.208351034653086,59.03549488911303,1153.0022803179431,370.3703703703703,48.76558957040958,0.8260384648592594,1.4500202840151826,6.367814909654838,5.53781761878091,True
RO4003C,3.55,0.0027,1.639811,0.013355932203389832,40.70041245692691,32.118430228836196,1307.2333577826626,3.3218144825285303,241.2663879482791,True,11.227154418469716,55.40857407303056,1226.1346786646952,370.3703703703703,46.375049246712145,0.8369652174334627,1.5247636467210417,6.371727166903459,5.598801266661699,True
RO4003C,3.55,0.0027,1.737617,0.014152542372881358,40.70041245692691,32.07731616877193,1305.559998580268,3.31178610377511,243.90312627107372,True,11.241057968583208,52.187312524675015,1299.2670770114473,370.3703703703703,44.18637601983681,0.846688091074718,1.600292686767496,6.375549525356422,5.652784038663992,True
RO4003C,3.55,0.0027,1.835423,0.014949152542372883,40.70041245692691,32.035136496658986,1303.8432685279731,3.30204052351926,246.23830555089978,True,11.250873090811055,49.30699888908621,1372.3994753581994,370.3703703703703,42.17674650083855,0.8553906636198477,1.6765422628399196,6.379285559638382,5.700930616923118,True
RO4003C,3.55,0.0027,1.933229,0.015745762711864408,40.70041245692691,31.991942057845684,1302.0852370524265,3.2925646953969636,248.31548707309142,True,11.25723600716769,46.71600968313558,1445.5318737049515,370.3703703703703,40.32628034868011,0.8632218509715277,1.7534709177283971,6.382938642641632,5.744162894935229,True
RO4003C,3.55,0.0027,2.031035,0.016542372881355932,40.70041245692691,31.947780737905788,1300.2878531162303,3.28334640040468,250.17036148897952,True,11.260652809269525,44.37265853487628,1518.6642720517036,370.3703703703703,38.61768194022179,0.8703035431124516,1.83104904039894,6.386511960208393,5.783219476128593,True
RO4003C,3.55,0.0027,2.128841,0.01733898305084746,40.70041245692691,31.902697680323904,1298.4529540778283,3.2743741806393127,251.8324195147083,True,11.261531334899805,42.24291391783617,1591.7966703984557,370.3703703703703,37.03589809575456,0.8767363484391862,1.9092505719917292,6.390008524510485,5.818698647078234,True
RO4003C,3.55,0.0027,2.226646,0.018135593220338985,40.70041245692691,31.85673548474775,1296.582273760453,3.2656372794105764,253.32622201484676,True,11.260204135870485,40.29871834259477,1664.9290687452078,370.3703703703703,35.56780839807722,0.8826039601483531,1.9880552863282632,6.393431186262118,5.851089903740487,True
RO4003C,3.55,0.0027,2.324452,0.01893220338983051,40.70041245692691,31.809934387840972,1294.6774498129105,3.257125587013924,254.67237519663297,True,11.25694530105357,38.516731856634344,1738.06146709196,370.3703703703703,34.201953067515554,0.8879765083605974,2.067447498138668,6.396782645885418,5.880797411505727,True
RO4003C,3.55,0.0027,2.422258,0.019728813559322034,40.70041245692691,31.762332428527067,1292.7400304350765,3.2488295915424033,255.88828651090193,True,11.251982963658469,36.877379926448455,1811.193865438712,370.3703703703703,32.92829776982095,0.8929131580252202,2.1474150937484526,6.400065463734164,5.908157691764009,True
RO4003C,3.55,0.0027,2.520064,0.02052542372881356,40.70041245692691,31.713965599204425,1290.7714805324115,3.240740334193255,256.98875585971564,True,11.245508727212744,35.364123011050594,1884.326263785464,370.3703703703703,31.73803225993524,0.8974641404232682,2.2279487944735465,6.403282069469177,5.933453116318952,True
RO4003C,3.55,0.0027,2.61787,0.021322033898305084,40.70041245692691,31.664867984329742,1288.7731873563605,3.232849368591789,257.9864419404865,True,11.237684858399557,33.962889850978485,1957.4586621322162,370.3703703703703,30.623398883961016,0.9016723552774689,2.3090415904262165,6.406434770668065,5.956922317429536,True
RO4003C,3.55,0.0027,2.715676,0.022118644067796615,40.70041245692691,31.6150718876076,1286.7464656810241,3.2251487237126444,258.892233064841,True,11.22864983906836,32.66163320082204,2030.5910604789685,370.3703703703703,29.577546870910233,0.9055746443863014,2.3906883007876205,6.409525760742891,5.978768300716705,True
RO4003C,3.55,0.0027,2.813482,0.02291525423728814,40.70041245692691,31.564607948885754,1284.6925625608442,3.217630870028384,259.7155442658887,True,11.218522697302463,31.449978211108473,2103.7234588257206,370.3703703703703,28.59440862104985,0.9092028118146676,2.4728852290845103,6.412557126231144,5.999164827839511,True
RO4003C,3.55,0.0027,2.911288,0.023711864406779665,40.70041245692691,31.51350525173375,1282.612661709096,3.2102886885586117,260.4645570594908,True,11.207406419318431,30.318941672790213,2176.8558571724725,370.3703703703703,27.66859461803022,0.912584446932112,2.5556298906344064,6.415530853518407,6.018261482224965,True
RO4003C,3.55,0.0027,3.009094,0.02450847457627119,40.70041245692691,31.461791422576866,1280.5078875326835,3.2031154425303936,261.1464142440017,True,11.195390661863962,29.260706002597146,2249.988255519225,370.3703703703703,26.795304045445555,0.9157435928944173,2.638920795374648,6.418448835044801,6.036187722602994,True
RO4003C,3.55,0.0027,3.1069,0.025305084745762714,40.70041245692691,31.409492722163375,1278.3793088548932,3.1961047513935545,261.7673791877445,True,11.182553926909156,28.268435907521145,2323.1206538659767,370.3703703703703,25.970248621230745,0.9187012930673345,2.722757273594804,6.421312875041863,6.053056151471129,True
RO4003C,3.55,0.0027,3.204706,0.02610169491525424,40.70041245692691,31.356634130061497,1276.2279423544544,3.1892505669630253,262.3329668707766,True,11.16896531911522,27.336128611538687,2396.253052212729,370.3703703703703,25.189587552357178,0.9214760403828564,2.8071393351921126,6.424124694841661,6.068965169450735,True
RO4003C,3.55,0.0027,3.302512,0.026898305084745767,40.70041245692691,31.303239422809916,1274.0547557462983,3.182547151485483,262.84805231096254,True,11.154685976723016,26.45849068760775,2469.385450559481,370.3703703703703,24.44987185059039,0.9240841489889623,2.8920675553297333,6.426885937795676,6.0840011454249066,True
RO4003C,3.55,0.0027,3.400318,0.02769491525423729,40.70041245692691,31.249331246281624,1271.8606707267961,3.175989057449512,263.31696076762177,True,11.139770244708119,25.630836138765247,2542.517848906233,370.3703703703703,23.747996538434023,0.926540063299631,2.9775429810435035,6.4295981738372525,6.098240202008452,True
RO4003C,3.55,0.0027,3.498124,0.028491525423728816,40.70041245692691,31.19493118276444,1269.6465657039635,3.1695711089778205,263.74354317433256,True,11.124266642964459,24.84900157013431,2615.650247252985,370.3703703703703,23.08115951718653,0.9288566163128049,3.063567054583285,6.4322629037179535,6.1117496932761926,True
RO4003C,3.55,0.0027,3.59593,0.02928813559322034,40.70041245692691,31.140059813211572,1267.4132783310854,3.1632883846570543,264.1312395302414,True,11.108218670293152,24.10927519838434,2688.7826455997374,370.3703703703703,22.446826071941068,0.9310452465798442,3.1501373120881375,6.434881562945355,6.124589434654203,True
RO4003C,3.55,0.0027,3.693736,0.030084745762711865,40.70041245692691,31.08473677507063,1265.1616078603786,3.1571362016757814,264.4831324214963,True,11.091665475960253,23.408337134319275,2761.9150439464893,370.3703703703703,21.842698157165557,0.9331161812917367,3.2372583312438357,6.437455525446972,6.13681273196454,True
RO4003C,3.55,0.0027,3.791542,0.030881355932203394,40.70041245692691,31.028980816060226,1262.892317331724,3.1511101011544502,264.8019924108617,True,11.074642423751714,22.74320890341717,2835.0474422932416,370.3703703703703,21.266687746601693,0.9350785914562114,3.324934963998319,6.439986106982803,6.148467246738586,True
RO4003C,3.55,0.0027,3.889348,0.03167796610169492,40.70041245692691,30.972809844228024,1260.6061356100467,3.1452058345629004,265.09031669441475,True,11.057181568227696,22.11121057853716,2908.1798406399935,370.3703703703703,20.716893647385213,0.9369407239735043,3.4131695685453933,6.442474568326794,6.159595727305655,True
RO4003C,3.55,0.0027,3.987154,0.03247457627118644,40.70041245692691,30.916240974592235,1258.303759283648,3.1394193511314024,265.3503621573041,True,11.03931205885153,21.50992421802368,2981.312238986746,370.3703703703703,20.191581274608946,0.9387100145006525,3.5019608306301255,6.444922118235641,6.1702366292599455,True
RO4003C,3.55,0.0027,4.08496,0.033271186440677974,40.70041245692691,30.859290572640848,1255.9858544346387,3.133746786170468,265.5841737492754,True,11.021060484544284,20.93716255271256,3054.444637333498,370.3703703703703,19.689164962475232,0.9403931842676723,3.591364425174795,6.447329916221699,6.1804246442974335,True
RO4003C,3.55,0.0027,4.182766,0.034067796610169496,40.70041245692691,30.801974294937366,1253.6530582916114,3.1281844502229075,265.7936089325044,True,11.00245116877438,20.390942062950916,3127.57703568025,370.3703703703703,19.208192454589764,0.9419963234307779,3.68128467641883,6.449699075145214,6.190191152789048,True
RO4003C,3.55,0.0027,4.280572,0.03486440677966102,40.70041245692691,30.744307127059344,1251.305980773753,3.1227288189789375,265.9803588197241,True,10.983506423371663,19.869459743716742,3200.709434027002,370.3703703703703,18.747331271213124,0.9435249630851958,3.771774474300659,6.4520306636397615,6.199564612589217,True
RO4003C,3.55,0.0027,4.378378,0.035661016949152545,40.70041245692691,30.686303419075724,1248.9452059347886,3.1173765238917235,266.1459665124222,True,10.964246767736173,19.371072981341886,3273.841832373754,370.3703703703703,18.305356697367003,0.9449841376881201,3.8628368202986514,6.454325708383526,6.208570894297982,True
RO4003C,3.55,0.0027,4.476184,0.03645762711864407,40.70041245692691,30.627976918750676,1246.57129331439,3.112124343436566,266.2918430614368,True,10.94469111890237,18.894282066097244,3346.9742307205065,370.3703703703703,17.881141174196078,0.946378439341758,3.954474810916935,6.456585196227972,6.217233571370469,True
RO4003C,3.55,0.0027,4.57399,0.0372542372881356,40.70041245692691,30.569340802645343,1244.1847792040307,3.1069691949622102,266.4192814012796,True,10.924856956951933,18.437714946266464,3420.106629067259,370.3703703703703,17.473644908233187,0.9477120651424055,4.046741623821026,6.458810076194492,6.225574172000655,True
RO4003C,3.55,0.0027,4.671796,0.038050847457627116,40.70041245692691,30.510407705273806,1241.7861778336448,3.101908127087449,266.52946855161406,True,10.904760469488902,18.000113895371427,3493.2390274140103,370.3703703703703,17.08190754028318,0.9489888586024805,4.139540506179933,6.4610012613486205,6.233612398520737,True
RO4003C,3.55,0.0027,4.769602,0.038847457627118644,40.70041245692691,30.451189746456674,1239.3759824849303,3.096938312600408,266.62349633189,True,10.884416678261381,17.580323818064496,3566.3714257607626,370.3703703703703,16.70504073841815,0.9502123459895,4.232924764852875,6.463159630560737,6.241366319094991,True
RO4003C,3.55,0.0027,4.867408,0.03964406779661017,40.70041245692691,30.39169855700308,1236.9546665366158,3.092057041821711,266.70237079613236,True,10.863839550501524,17.177281964315533,3639.503824107515,370.3703703703703,16.342221598788093,0.9513857682919676,4.32689775812218,6.4652860301613035,6.248852535701679,True
RO4003C,3.55,0.0027,4.965214,0.0404406779661017,40.70041245692691,30.331945302841486,1234.5226844465953,3.0872617163961236,266.7670205626759,True,10.843042097137666,16.79000885781566,3712.636222454267,370.3703703703703,15.992686754195924,0.9525121094115095,4.42146288872679,6.467381275498135,6.256086331753371,True
RO4003C,3.55,0.0027,5.06302,0.04123728813559323,40.70041245692691,30.271940707709202,1232.0804726754004,3.0825498434803693,266.81830418694096,True,10.822036459689288,16.417600274504405,3785.76862080102,370.3703703703703,15.655727104154906,0.9535941210888996,4.5166235979924805,6.469446152402495,6.2630818021766,True
RO4003C,3.55,0.0027,5.160826,0.04203389830508475,40.70041245692691,30.211695074502103,1229.6284505551428,3.0779190302975734,266.8570167031381,True,10.800833987373032,16.059220131998,3858.901019147771,370.3703703703703,15.330683091846216,0.9546343449953605,4.612383360889505,6.471481418570352,6.269851968334665,True
RO4003C,3.55,0.0027,5.258631,0.04283050847457628,40.70041245692691,30.151218305377515,1227.1670211077096,3.073366979031324,266.8838954422478,True,10.779445305714177,15.714094171405062,3932.0334174945233,370.3703703703703,15.016940463358713,0.955635132356852,4.708716775419662,6.473487804864559,6.276408879814685,True
RO4003C,3.55,0.0027,5.356437,0.043627118644067805,40.70041245692691,30.090519920695883,1224.696571815698,3.068891482034591,266.8996252180875,True,10.757880377763934,15.38150433032187,4005.1658158412756,370.3703703703703,14.713926453100234,0.956598661425747,4.805681539698976,6.475466016543311,6.282763704798243,True
RO4003C,3.55,0.0027,5.454243,0.044423728813559334,40.70041245692691,30.029609076880146,1222.2174753492982,3.0644904173308154,266.90484296022163,True,10.736148558861055,15.060783720312893,4078.2982141880284,370.3703703703703,14.421106346549605,0.9575269530694782,4.903264171517111,6.47741673441979,6.288926810482741,True
RO4003C,3.55,0.0027,5.552049,0.04522033898305085,40.70041245692691,29.968494583265585,1219.7300902520892,3.0601617443863396,266.90014186146374,True,10.71425864574081,14.751312134395304,4151.430612534779,370.3703703703703,14.137980377762657,0.9584218847079674,5.001501467196173,6.4793406159575735,6.294907834809301,True
RO4003C,3.55,0.0027,5.649855,0.046016949152542376,40.70041245692691,29.907184918007193,1217.2347615884767,3.055903500135054,266.88607509840716,True,10.692218920680778,14.45251202035653,4224.563010881532,370.3703703703703,13.864080924412923,0.9592852027997074,5.100306245352451,6.481238296305962,6.300715750575193,True
RO4003C,3.55,0.0027,5.747661,0.046813559322033904,40.70041245692691,29.84568824310669,1214.7318215552966,3.0517137952376614,266.86315917552076,True,10.670037191277,14.163844864465903,4297.695409228284,370.3703703703703,13.59896996777231,0.9601185340492719,5.199732000311446,6.483110389279149,6.306358922858846,True
RO4003C,3.55,0.0027,5.845467,0.04761016949152543,40.70041245692691,29.78401241861635,1212.2215900599185,3.0475908105593685,266.8318769366302,True,10.647720826363138,13.884807937558596,4370.827807575037,370.3703703703703,13.34223678902968,0.9609233954859935,5.299782262429716,6.484957488282818,6.3118451605584855,True
RO4003C,3.55,0.0027,5.943273,0.048406779661016947,40.70041245692691,29.722165016072758,1209.704375267005,3.043532793851098,266.7926802818682,True,10.625276788516492,13.614931361789118,4443.960205921788,370.3703703703703,13.093495876800109,0.9617012035438944,5.400460593237437,6.4867801671914815,6.3171817627377145,True
RO4003C,3.55,0.0027,6.041079,0.049203389830508475,40.70041245692691,29.66015333120963,1207.1804741159267,3.039538056620454,266.7459926232769,True,10.602711663536505,13.35377546175008,4517.0926042685405,370.3703703703703,12.85238502367297,0.9624532822561477,5.501770581524601,6.488578981179678,6.3223755603795855,True
RO4003C,3.55,0.0027,6.138885,0.05,40.70041245692691,29.597984395995145,1204.6501728106891,3.0356049711797652,266.69221110803727,True,10.580031687231278,13.100928368276673,4590.225002615292,370.3703703703703,12.61856359224958,0.9631808706629433,5.603715840196732,6.490354467509865,6.327432954072357,True
FR-4,4.4,0.02,0.368333,0.003,37.36006548502783,29.234813585984664,1092.2145500149684,4.307563701956937,41.60299274803017,False,nan,286.2686634319607,275.41350015691756,50.0,36.86754722857595,0.12878652796497406,1.6891792281724665,6.030431133373725,-2.870864517171063,True
FR-4,4.4,0.02,0.466139,0.0037966101694915256,37.36006548502783,29.22013108154676,1091.6660106876843,4.285448983732074,52.35050473374682,True,1.9858992357003478,226.0394477469734,348.54589850366966,50.0,36.639338517348186,0.16209267401131658,1.9299146862123375,6.035509657970599,-1.8668564741338693,True
FR-4,4.4,0.02,0.563945,0.004593220338983051,37.36006548502783,29.20308408485545,1091.0291337749738,4.264222528132466,62.3771650299018,True,4.291564400571023,186.67981567375816,421.67829685042176,50.0,36.06431355896604,0.1931880713980995,1.9606856386489142,6.040432665495018,-1.0997642651552386,True
FR-4,4.4,0.02,0.661751,0.005389830508474577,37.36006548502783,29.183817490975084,1090.30933256593,4.243826420818274,71.73155163356162,True,5.414487908884522,158.93744375337585,494.8106951971739,50.0,35.31976582615441,0.22222432292896502,2.002016782044178,6.045208469864117,-0.4868756134427748,True
FR-4,4.4,0.02,0.759557,0.006186440677966102,37.36006548502783,29.162464646838533,1089.5115889106967,4.224207899610344,80.46867525846578,True,6.1527041482435685,138.3255108682372,567.943093543926,50.0,34.49457687865831,0.2493724885752732,2.0499091113782315,6.049844753065208,0.018330145894034207,True
FR-4,4.4,0.02,0.857363,0.006983050847457628,37.36006548502783,29.139148520862523,1088.640496917376,4.205318779781898,88.64208690257932,True,6.68891764815306,122.40451791706506,641.0754918906781,50.0,33.636610224348814,0.2747987639405535,2.102195579401268,6.05434862702261,0.44449637614503734,True
FR-4,4.4,0.02,0.955169,0.007779661016949153,37.36006548502783,29.113982729249372,1087.700301294726,4.187114955809844,96.30132540573649,True,7.100486484896967,109.73409992118368,714.2078902374303,50.0,32.77281968400318,0.2986566592111495,2.1576026235256665,6.058726688101469,0.8104487155777268,True
FR-4,4.4,0.02,1.052975,0.008576271186440679,37.36006548502783,29.087072439462446,1086.6949311060653,4.169555967847626,103.49127622566503,True,7.427968826386286,99.40900553311319,787.3402885841824,50.0,31.918747988677616,0.3210850749135144,2.215334776379482,6.062985065274336,1.1291862513239797,True
FR-4,4.4,0.02,1.150781,0.009372881355932203,37.36006548502783,29.05851516803281,1085.6280295753804,4.152604623212865,110.25225165590287,True,7.695307322785181,90.83170138451358,860.4726869309345,50.0,31.083389102381346,0.3422085970931833,2.274871149114197,6.067129462813346,1.410038621329099,True
FR-4,4.4,0.02,1.248587,0.01016949152542373,37.36006548502783,29.02840148712885,1084.5029804848132,4.136226664824938,116.62033582558335,True,7.917778593333934,83.59185204014419,933.6050852776866,50.0,30.271836426169468,0.3621386018775096,2.335857604303787,6.071165198236893,1.6599134038457857,True
FR-4,4.4,0.02,1.346393,0.010966101694915254,37.36006548502783,28.996815652077782,1083.322931618906,4.120390479861747,122.62780838503865,True,8.105689164977708,77.39832927173154,1006.7374836244387,50.0,29.4867972113394,0.38097459581868476,2.398045955588418,6.075097236128961,1.8840574059139588,True
FR-4,4.4,0.02,1.444199,0.01176271186440678,37.36006548502783,28.96383616017412,1082.0908156417222,4.1050668429942805,128.3035695446602,True,8.26629378135003,72.03884845718072,1079.8698819711908,50.0,28.729492898166516,0.3988055544119793,2.4612578968453116,6.078930218357409,2.086542202057359,True
FR-4,4.4,0.02,1.542005,0.012559322033898307,37.36006548502783,28.92953624957153,1080.8093687354788,4.090228689451349,133.67353549070828,True,8.40487341332129,67.35496583739774,1153.0022803179431,50.0,28.00021126457395,0.4157111642246174,2.525362678293842,6.082668491140825,2.2705853706999575,True
FR-4,4.4,0.02,1.639811,0.013355932203389832,37.36006548502783,28.893984345771457,1079.4811472813908,4.075850913903464,138.76099363820273,True,8.525378903794074,63.22602329933963,1226.1346786646952,50.0,27.29865351525258,0.4317629370110599,2.5902627877539373,6.086316129349548,2.4387697223372395,True
FR-4,4.4,0.02,1.737617,0.014152542372881358,37.36006548502783,28.857244462148284,1078.1085428233166,4.061910191764546,143.5869162439563,True,8.630834180010382,59.5585152703485,1299.2670770114473,50.0,26.62415672466771,0.4470251920118411,2.6558844810974054,6.089876958372448,2.5931969423415446,True
FR-4,4.4,0.02,1.835423,0.014949152542372883,37.36006548502783,28.819376560048262,1076.6937955210792,4.04838482001688,148.1702347818406,True,8.723598944014764,56.278855204537265,1372.3994753581994,50.0,25.975838479131262,0.4615559144678028,2.7221713515675274,6.093354573835721,2.7355977785684,True
FR-4,4.4,0.02,1.933229,0.015745762711864408,37.36006548502783,28.780436873239097,1075.2390062719223,4.035254575087613,152.52807894901085,True,8.805545502514457,53.32833772707118,1445.5318737049515,50.0,25.352691866840118,0.4754075027913401,2.789079860538605,6.096752359421385,2.867412673418006,True
FR-4,4.4,0.02,2.031035,0.016542372881355932,37.36006548502783,28.740478200842677,1073.7461476544972,4.022500585659243,156.6759845157967,True,8.878181150771349,50.65955631141413,1518.6642720517036,50.0,24.753648187431423,0.4886274178018051,2.856576167516258,6.1000735030005915,2.9898518269996233,True
FR-4,4.4,0.02,2.128841,0.01733898305084746,37.36006548502783,28.699550172337094,1072.2170738293557,4.0101052185942985,160.6280740696213,True,8.94273492441455,48.23380839368675,1591.7966703984557,50.0,24.177618351381785,0.5012587468533037,2.924633840694898,6.103321011268939,3.1039406516307344,True
FR-4,4.4,0.02,2.226646,0.018135593220338985,37.36006548502783,28.657699487748147,1070.6535295125193,3.9980519764055744,164.39721433322828,True,9.000220388786433,46.01918431706049,1664.9290687452078,50.0,23.623520036643242,0.5133406944782678,2.9932321766183994,6.106497723047243,3.2105546611315634,True
FR-4,4.4,0.02,2.324452,0.01893220338983051,37.36006548502783,28.61497013575246,1069.0571581238278,3.986325404915876,167.9951533039555,True,9.051481926561456,43.989138697286,1738.06146709196,50.0,23.090295234750172,0.5249090097818799,3.062354948950629,6.1096063213907525,3.31044659403257,True
FR-4,4.4,0.02,2.422258,0.019728813559322034,37.36006548502783,28.57140359207337,1067.4295091990207,3.974911009931735,171.43264003169082,True,9.097229421304608,42.12140785970942,1811.193865438712,50.0,22.576921268039325,0.5359963594577504,3.131986592791485,6.112649344632322,3.404267743933538,True
FR-4,4.4,0.02,2.520064,0.02052542372881356,37.36006548502783,28.52703900025736,1065.772045143558,3.9637951819093162,174.71952945816096,True,9.13806462793566,40.39717933239901,1884.326263785464,50.0,22.082417354353257,0.5466326540438159,3.202117938699778,6.115629196469871,3.492584911080112,True
FR-4,4.4,0.02,2.61787,0.021322033898305084,37.36006548502783,28.48191333666601,1064.08614739673,3.952965127722095,177.86487439001323,True,9.17450148779319,38.80044747953053,1957.4586621322162,50.0,21.60584813339458,0.5568453339305663,3.272744106209982,6.118548155195407,3.575894003735452,True
FR-4,4.4,0.02,2.715676,0.022118644067796615,37.36006548502783,28.43606156130022,1062.373122066459,3.9424088087524125,180.87700637413943,True,9.206981966191686,37.31750835064374,2030.5910604789685,50.0,21.146325126489643,0.5666596206744028,3.3438592230097983,6.121408382151517,3.654631047774381,True
FR-4,4.4,0.02,2.813482,0.02291525423728814,37.36006548502783,28.38951675588384,1060.634205088115,3.9321148846257126,183.76360698299138,True,9.235888533892208,35.9365598710371,2103.7234588257206,50.0,20.70300680224729,0.576098738347317,3.4154589099979726,6.124211929491443,3.729181170744762,True
FR-4,4.4,0.02,2.911288,0.023711864406779665,37.36006548502783,28.342310250469634,1058.8705669545213,3.922072661989545,186.53177079567448,True,9.26155410169481,34.647382602585346,2176.8558571724725,50.0,20.27509771592481,0.5851841089552291,3.4875369779312027,6.126960747310175,3.799885988029499,True
FR-4,4.4,0.02,3.009094,0.02450847457627119,37.36006548502783,28.294471739687268,1057.0833170589858,3.912272047811353,189.18806117236568,True,9.284270000217287,33.4410827451066,2249.988255519225,50.0,19.861847048993226,0.5939355253651167,3.5601433344806734,6.129656690206619,3.867049717494652,True
FR-4,4.4,0.02,3.1069,0.025305084745762714,37.36006548502783,28.246029389627992,1055.2735076885226,3.9027035067313403,191.7385597602746,True,9.30429244358038,32.30988366444156,2323.1206538659767,50.0,19.46254677701399,0.6023713046801643,3.6331780267906835,6.132301523330209,3.9309442741827896,True
FR-4,4.4,0.02,3.204706,0.02610169491525424,37.36006548502783,28.197009936251458,1053.442137700335,3.893358022060775,194.18891053458637,True,9.321847805905312,31.246955581555646,2396.253052212729,50.0,19.076529624975716,0.610508424578686,3.7066903831093705,6.134896927959686,3.9918135407079545,True
FR-4,4.4,0.02,3.302512,0.026898305084745767,37.36006548502783,28.147438776104195,1051.5901559110646,3.8842270600630866,196.54435906376946,True,9.337136959871282,30.246275512724885,2469.385450559481,50.0,18.70316692062374,0.6183626447744003,3.7806803133276454,6.13744450665666,4.04987696682082,True
FR-4,4.4,0.02,3.400318,0.02769491525423729,37.36006548502783,28.097340050055205,1049.7184642251577,3.8753025371961325,198.80978759202443,True,9.350338868106846,29.302511370902547,2542.517848906233,50.0,18.34186642189499,0.6259486154524114,3.855148214576798,6.139945788032087,4.105332619474775,True
FR-4,4.4,0.02,3.498124,0.028491525423728816,37.36006548502783,28.046736720679917,1047.8279205259366,3.86657679002981,200.98974644970303,True,9.361613574791823,28.410925500427876,2615.650247252985,50.0,17.99207017012946,0.6332799742781521,3.9300948936020084,6.142402231159959,4.158359780026178,True
FR-4,4.4,0.02,3.59593,0.02928813559322034,37.36006548502783,27.99565064385844,1045.919341350513,3.8580425475845717,203.0884822328983,True,9.371104712307076,27.56729394589105,2688.7826455997374,50.0,17.653252403349054,0.6403694333581952,4.005521502646607,6.144815229668923,4.2091211660658745,True
FR-4,4.4,0.02,3.693736,0.030084745762711865,37.36006548502783,27.944102635096364,1043.9935043675391,3.8496929058639164,205.10996313413483,True,9.378941613138576,26.767838539494075,2761.9150439464893,50.0,17.32491755154007,0.6472288573460411,4.081479486279523,6.147186115539533,4.257764840437609,True
FR-4,4.4,0.02,3.791542,0.030881355932203394,37.36006548502783,27.892112531025045,1042.0511506748612,3.841521304378113,207.05790175552585,True,9.385241098430424,26.00916949287565,2835.0474422932416,50.0,17.006598327113622,0.6538693337275538,4.157870537132707,6.1495161626320805,4.3044258582476616,True
FR-4,4.4,0.02,3.889348,0.03167796610169492,37.36006548502783,27.839699246493122,1040.0929869324632,3.8335215044777553,208.93577569253983,True,9.390109000094208,25.288236644840154,2908.1798406399935,50.0,16.697853917535525,0.6603012361853462,4.2347465589308495,6.151806589967549,4.349227693365106,True
FR-4,4.4,0.02,3.987154,0.03247457627118644,37.36006548502783,27.786880827620738,1038.1196873445751,3.8256875693345176,210.74684613949373,True,9.393641462137525,24.602287879146743,2981.312238986746,50.0,16.398268282790585,0.6665342818254718,4.312109635515428,6.154058564782013,4.392283478496068,True
FR-4,4.4,0.02,4.08496,0.033271186440677974,37.36006548502783,27.73367450115193,1036.1318955034828,3.8180138454231436,212.4941747360951,True,9.395926058082068,23.948833511073953,3054.444637333498,50.0,16.107448557357106,0.6725775829502934,4.389962004819409,6.156273205372994,4.433697086969593,True
FR-4,4.4,0.02,4.182766,0.034067796610169496,37.36006548502783,27.680096720408763,1034.1302261063754,3.8104949453734003,214.18063884699814,True,9.39704275441916,23.325615666155347,3127.57703568025,50.0,15.825023554343451,0.6784396939757953,4.468306036946424,6.158451583754384,4.473564079577324,True
FR-4,4.4,0.02,4.280572,0.03486440677966102,37.36006548502783,27.626163208122247,1032.115266555514,3.8031257320738194,215.80894544275077,True,9.397064744564409,22.730581852962153,3200.709434027002,50.0,15.55064236810956,0.6841286540178498,4.547144215666309,6.160594728135187,4.511972535921467,True
FR-4,4.4,0.02,4.378378,0.035661016949152545,37.36006548502783,27.571888996389767,1030.08757845104,3.795901303920636,217.3816437301147,True,9.396059173398063,22.161862074410315,3273.841832373754,50.0,15.283973070866269,0.6896520256081842,4.626479122764534,6.162703625235849,4.549003786556373,True
FR-4,4.4,0.02,4.476184,0.03645762711864407,37.36006548502783,27.517288463985196,1028.0476989848878,3.7888169811156915,218.90113666208694,True,9.394087768968234,21.617748936630015,3346.9742307205065,50.0,15.024701498272217,0.69501692994564,4.706284618809832,6.164779222454692,4.584733059613656,True
FR-4,4.4,0.02,4.57399,0.0372542372881356,37.36006548502783,27.462375371228454,1025.9961422435108,3.781868292926262,220.3696914426207,True,9.391207395103645,21.096680306953335,3420.106629067259,50.0,14.772530118828337,0.7002300790404168,4.786617974118931,6.166822429895942,4.619230053464854,True
FR-4,4.4,0.02,4.671796,0.038050847457627116,37.36006548502783,27.407162892601797,1023.933400426428,3.775050965828014,221.7894491277146,True,9.38747053638691,20.5972241476619,3493.2390274140103,50.0,14.527176981826848,0.7052978050673835,4.867464915999456,6.168834122269738,4.652559445210201,True
FR-4,4.4,0.02,4.769602,0.038847457627118644,37.36006548502783,27.351663647284102,1021.8599449869895,3.7683609124596398,223.16243341292,True,9.382925725068782,20.11806521336803,3566.3714257607626,50.0,14.288374738691276,0.7102260872082745,4.948860503326678,6.1708151406736755,4.684781343316516,True
FR-4,4.4,0.02,4.867408,0.03964406779661017,37.36006548502783,27.295889727759654,1019.7762277011992,3.7617942213243127,224.49055868717198,True,9.37761791797184,19.65799335006277,3639.503824107515,50.0,14.055869732705649,0.7150205762309287,5.030717309182086,6.172766294264598,4.71595169150577,True
FR-4,4.4,0.02,4.965214,0.0404406779661017,37.36006548502783,27.239852726643907,1017.6826816699304,3.755347147179008,225.77563742397263,True,9.37158883017175,19.21589317513175,3712.636222454267,50.0,13.829421152344706,0.7196866170260591,5.11308821209423,6.174688361828597,4.746122629973867,True
FR-4,4.4,0.02,5.06302,0.04123728813559323,37.36006548502783,27.18356376185701,1015.5797222594074,3.7490161020580457,227.0193869731725,True,9.36487723120293,18.790734951735423,3785.76862080102,50.0,13.608800243663424,0.7242292692977705,5.195976139536585,6.176582093256567,4.775342819160718,True
FR-4,4.4,0.02,5.160826,0.04203389830508475,37.36006548502783,27.12703350026486,1013.467747984439,3.7427976468819772,228.22343580976283,True,9.357519208671624,18.38156649923069,3858.901019147771,50.0,13.393789577466453,0.7286533265827487,5.279384062035725,6.178448210931959,4.803657730569336,True
FR-4,4.4,0.02,5.258631,0.04283050847457628,37.36006548502783,27.070272179897216,1011.3471413384871,3.736688483607235,229.38932929007603,True,9.349548403439288,17.987506004858187,3932.0334174945233,50.0,13.18418236724663,0.7329633337543158,5.363314988187827,6.180287411036992,4.831109908519742,True
FR-4,4.4,0.02,5.356437,0.043627118644067805,37.36006548502783,27.013289630843623,1009.2182695743412,3.730685447875837,230.5185349604934,True,9.340996219937722,17.607735621598763,4005.1658158412756,50.0,12.979781834148667,0.7371636031510403,5.447771960448477,6.182100364782855,4.857739206204341,True
FR-4,4.4,0.02,5.454243,0.044423728813559334,37.36006548502783,26.95609529491983,1007.0814854388556,3.724785502127931,231.61244745907678,True,9.33189201467192,17.241495753606106,4078.2982141880284,50.0,12.780400615474425,0.7412582294550268,5.532758051581337,6.1838877195692445,4.883582998969571,True
FR-4,4.4,0.02,5.552049,0.04522033898305085,37.36006548502783,26.898698244189536,1004.9371278649244,3.7189857291431254,232.67239304640154,True,9.322263265541256,16.888079944510093,4151.430612534779,50.0,12.585860213496126,0.7452511034321273,5.618276361669234,6.185650100077934,4.908676377371237,True
FR-4,4.4,0.02,5.649855,0.046016949152542376,37.36006548502783,26.841107198419916,1002.7855226236201,3.7132833259794165,233.69963379820183,True,9.312135724249986,16.546830295610224,4224.563010881532,50.0,12.39599048158204,0.7491459246349207,5.704330015606596,6.187388109304861,4.933052322228044,True
FR-4,4.4,0.02,5.747661,0.046813559322033904,37.36006548502783,26.78333054154319,1000.6269829391996,3.7076755982810905,234.69537148918286,True,9.301533553773202,16.217133350908114,4297.695409228284,50.0,12.210629144863693,0.7529462131591791,5.790922161003559,6.189102329534773,4.95674186362031,True
FR-4,4.4,0.02,5.845467,0.04761016949152543,37.36006548502783,26.725376337190635,998.4618100694555,3.7021599549293702,235.66075119446387,True,9.290479452584991,15.89841639436232,4370.827807575037,50.0,12.02962135288415,0.7566553205355679,5.878055966443558,6.190793323262254,4.979774225542165,True
FR-4,4.4,0.02,5.943273,0.048406779661016947,37.36006548502783,26.667252343360516,996.2902938537109,3.696733903011655,236.59686463253888,True,9.278994767134304,15.590144111935135,4443.960205921788,50.0,11.852819261863624,0.760276439830317,5.965734620044521,6.192461634062557,5.002176957709197,True
FR-4,4.4,0.02,6.041079,0.049203389830508475,37.36006548502783,26.608966026276853,994.1127132305841,3.6913950430871822,237.50475327134902,True,9.267099593864867,15.291815577140014,4517.0926042685405,50.0,11.680081644401572,0.7638126150214836,6.053961328280857,6.1941077874155335,5.023976055845305,True
FR-4,4.4,0.02,6.138885,0.05,37.36006548502783,26.550524573491302,991.9293367274759,3.68614106472869,238.38541121700797,True,9.254812871912868,15.002961524057346,4590.225002615292,50.0,11.511273524603661,0.767266749711066,6.142739315030401,6.195732291485579,5.045196071617548,True
RT/duroid 6010.2LM,10.2,0.0023,0.368333,0.003,25.941524666143145,19.239381629415156,499.09889310081456,9.852005435842516,136.68516667856582,True,5.6418731524561005,536.8837701110401,275.41350015691756,434.7826086956522,128.31197894196598,0.23899396123564706,0.5510876915803692,5.334308020846205,-0.8818227033614954,True
RT/duroid 6010.2LM,10.2,0.0023,0.466139,0.0037966101694915256,25.941524666143145,19.235128189206176,498.9885523767173,9.772129974375678,179.14731397718174,True,6.209676201327824,424.1220916399775,348.54589850366966,434.7826086956522,132.85727516984994,0.31325242846021767,0.5322352396930754,5.337861089544101,0.29680555461089164,True
RT/duroid 6010.2LM,10.2,0.0023,0.563945,0.004593220338983051,25.941524666143145,19.227708658483888,498.7960784374739,9.696593218810104,216.86464331340972,True,6.548510199406787,350.4044610151779,421.67829685042176,434.7826086956522,132.88469619284066,0.3792323185836516,0.53212393617879,5.34127469828293,1.1303281111155163,True
RT/duroid 6010.2LM,10.2,0.0023,0.661751,0.005389830508474577,25.941524666143145,19.217378151725356,498.52808934158367,9.62501609064665,249.74752295028824,True,6.770973195358087,298.4236573035781,494.8106951971739,434.7826086956522,130.34554103010922,0.436780187629402,0.5424905426070502,5.344558512628753,1.7471878178746536,True
RT/duroid 6010.2LM,10.2,0.0023,0.759557,0.006186440677966102,25.941524666143145,19.20436504759071,498.1905095796916,9.55706431654111,278.2181206380691,True,6.926071312870378,259.7864393327739,567.943093543926,434.7826086956522,126.42136474432569,0.4866357346019359,0.5593286689389798,5.347721243676697,2.21976121216091,True
RT/duroid 6010.2LM,10.2,0.0023,0.857363,0.006983050847457628,25.941524666143145,19.188874529812352,497.78866193065306,9.492441841623053,302.8496967098227,True,7.038685867796556,229.9291641446855,641.0754918906781,434.7826086956522,121.81686080423236,0.5298016946105094,0.5804695360198557,5.350770769247228,2.591904200116735,True
RT/duroid 6010.2LM,10.2,0.0023,0.955169,0.007779661016949153,25.941524666143145,19.171091563999997,497.32734468439475,9.430885388888749,324.2127089210365,True,7.122793527021955,206.15713629962292,714.2078902374303,434.7826086956522,116.94782905550622,0.5672751918979781,0.6046361523109851,5.353714236439635,2.891652150398023,True
RT/duroid 6010.2LM,10.2,0.0023,1.052975,0.008576271186440679,25.941524666143145,19.151183414593987,496.8108969355214,9.372159936213686,342.81760762130824,True,7.186840228191949,186.77664676873928,787.3402885841824,434.7826086956522,112.056277734795,0.5999480110248441,0.6310295214656237,5.356558148884809,3.1376943276665474,True
RT/duroid 6010.2LM,10.2,0.0023,1.150781,0.009372881355932203,25.941524666143145,19.129301784429824,496.24325408688236,9.316054933513866,359.10024876692455,True,7.236223405811193,170.66962108699926,860.4726869309345,434.7826086956522,107.27972875542218,0.6285812792701759,0.6591252071552661,5.359308441359846,3.3429228662930344,True
RT/duroid 6010.2LM,10.2,0.0023,1.248587,0.01016949152542373,25.941524666143145,19.10558464264946,495.6279952683766,9.262381121046124,373.42470620539393,True,7.274549683791398,157.0681799594615,933.6050852776866,434.7826086956522,102.692825431097,0.6538105010040958,0.6885655545306253,5.361970543900878,3.516489459961835,True
RT/duroid 6010.2LM,10.2,0.0023,1.346393,0.010966101694915254,25.941524666143145,19.080157793732848,494.968384040024,9.210967839117156,386.09215591172165,True,7.30431895183916,145.4274571348316,1006.7374836244387,434.7826086956522,98.33239863867365,0.6761611636206069,0.7190989170735307,5.36454943714038,3.6650516647381917,True
RT/duroid 6010.2LM,10.2,0.0023,1.444199,0.01176271186440678,25.941524666143145,19.05313623030014,494.2674034857168,9.161660741951724,397.350971967979,True,7.32731807757434,135.35009471276635,1079.8698819711908,434.7826086956522,94.21265772806262,0.6960664337028823,0.7505436009966047,5.36704970027256,3.7935566138163948,True
RT/duroid 6010.2LM,10.2,0.0023,1.542005,0.012559322033898307,25.941524666143145,19.024625304369685,493.5277865974373,9.114319845870135,407.40611492610753,True,7.344858253164787,126.53947164354709,1153.0022803179431,434.7826086956522,90.33445331645713,0.713883598083316,0.7827655500535211,5.369475552795073,3.9057495916871017,True
RT/duroid 6010.2LM,10.2,0.0023,1.639811,0.013355932203389832,25.941524666143145,18.994721745445897,492.7520426860104,9.068817855493975,416.4271938213036,True,7.357923747978991,118.76966914841195,1226.1346786646952,434.7826086956522,86.69095241137597,0.7299081746455729,0.8156640318126216,5.3718308909717996,4.004513166791355,True
RT/duroid 6010.2LM,10.2,0.0023,1.737617,0.014152542372881358,25.941524666143145,18.96351454877841,491.94248042389944,9.025038722355873,424.5551312621102,True,7.367268279369482,111.86557866961759,1299.2670770114473,434.7826086956522,83.27112295180042,0.7443855736690221,0.8491617143794825,5.374119319798027,4.092098798121906,True
RT/duroid 6010.2LM,10.2,0.0023,1.835423,0.014949152542372883,25.941524666143145,18.93108575309399,491.1012280207587,8.982876398715389,431.9075696108139,True,7.373479264559525,105.68936914829486,1372.3994753581994,434.7826086956522,80.06186943403584,0.75752055366798,0.8831880926998487,5.3763441811177035,4.170288390794953,True
RT/duroid 6010.2LM,10.2,0.0023,1.933229,0.015745762711864408,25.941524666143145,18.897511123843202,490.2302509478929,8.942233756087852,438.5832159821818,True,7.37702174804037,100.1310616078064,1445.5318737049515,434.7826086956522,77.04933182896269,0.7694848191138701,0.9177059440143328,5.378508578435399,4.240509140576764,True
RT/duroid 6010.2LM,10.2,0.0023,2.031035,0.016542372881355932,25.941524666143145,18.86286075535638,489.33136755910107,8.903021643360328,444.6653219287147,True,7.378269108148384,95.1018265876281,1518.6642720517036,434.7826086956522,74.21966266032813,0.7804231035661668,0.9526833549027314,5.380615398878334,4.303916576102856,True
RT/duroid 6010.2LM,10.2,0.0023,2.128841,0.01733898305084746,25.941524666143145,18.827199603144336,488.4062628993692,8.865158063689982,450.22446953159755,True,7.3775249512916945,90.52912881252888,1591.7966703984557,434.7826086956522,71.55947764523046,0.7904580391292455,0.9881406331017695,5.382667332692326,4.3614555395326935,True
RT/duroid 6010.2LM,10.2,0.0023,2.226646,0.018135593220338985,25.941524666143145,18.79058795580779,487.45650094692013,8.828567452877905,455.3208062481983,True,7.375039003102039,86.35315116542186,1664.9290687452078,434.7826086956522,69.05610218382574,0.7996940615582038,1.024003999451799,5.384666890596409,4.413905600649255,True
RT/duroid 6010.2LM,10.2,0.0023,2.324452,0.01893220338983051,25.941524666143145,18.753081854560136,486.4835354962732,8.793180044757282,460.0058431669636,True,7.371018829512243,82.52412119979897,1738.06146709196,434.7826086956522,66.69769076861049,0.8082205517478805,1.0602043147465072,5.386616419272111,4.46191531583972,True
RT/duroid 6010.2LM,10.2,0.0023,2.422258,0.019728813559322034,25.941524666143145,18.714733467159885,485.48871985862274,8.758931311461783,464.32390760813934,True,7.365638609425105,79.00028512571232,1811.193865438712,434.7826086956522,64.47326814468603,0.816114372778407,1.0967761174468236,5.388518115222707,4.506028379058175,True
RT/duroid 6010.2LM,10.2,0.0023,2.520064,0.02052542372881356,25.941524666143145,18.675591422044672,484.4733155297832,8.725761468351433,468.3133216425389,True,7.3590457889805245,75.74635339335055,1884.326263785464,434.7826086956522,62.37272325935393,0.8234419277645302,1.1337068878700707,5.390374037203843,4.546703802186089,True
RT/duroid 6010.2LM,10.2,0.0023,2.61787,0.021322033898305084,25.941524666143145,18.63570110762025,483.43849995420186,8.693615034950493,472.00736267494995,True,7.351366191265909,72.73229456156785,1957.4586621322162,434.7826086956522,60.386775740902515,0.8302608367426816,1.1709864795615879,5.39218611739853,4.584331645520816,True
RT/duroid 6010.2LM,10.2,0.0023,2.715676,0.022118644067796615,25.941524666143145,18.59510494095494,482.3853734953028,8.662440444558861,475.4350501177546,True,7.3427079845934085,69.93238966484688,2030.5910604789685,434.7826086956522,58.50692742551294,0.8366213096093125,1.2086066755741611,5.393956171485453,4.619245394632884,True
RT/duroid 6010.2LM,10.2,0.0023,2.813482,0.02291525423728814,25.941524666143145,18.55384260953883,481.31496570708924,8.632189696285955,478.62179272264746,True,7.333164796715473,67.32448370370926,2103.7234588257206,434.7826086956522,56.72540681338818,0.8425672755699556,1.2465608391103964,5.395685907729461,4.651731783487519,True
RT/duroid 6010.2LM,10.2,0.0023,2.911288,0.023711864406779665,25.941524666143145,18.511951289267614,480.22824098897627,8.602818044164483,481.58992378099805,True,7.322818182619612,64.88938791444424,2176.8558571724725,434.7826086956522,55.035111346967035,0.8481373166831234,1.2848436361836815,5.397376935205807,4.68203865411557,True
RT/duroid 6010.2LM,10.2,0.0023,3.009094,0.02450847457627119,25.941524666143145,18.46946584138813,479.12610369485844,8.574283718763018,484.3591456825892,True,7.311739597819144,62.610398523122484,2249.988255519225,434.7826086956522,53.42955047668492,0.8533654430733737,1.323450813767687,5.3990307712552355,4.71038129304298,True
RT/duroid 6010.2LM,10.2,0.0023,3.1069,0.025305084745762714,25.941524666143145,18.42641899078272,478.00940275807847,8.546547677357275,486.9469008687744,True,7.299991989582888,60.47290632442011,2323.1206538659767,434.7826086956522,51.90279123857011,0.8582817395963451,1.3623790210747115,5.400648848254486,4.736947576009786,True
RT/duroid 6010.2LM,10.2,0.0023,3.204706,0.02610169491525424,25.941524666143145,18.382841487663228,476.8789358860152,8.519573379260994,489.36868274079677,True,7.2876310902327095,58.464077689554806,2396.253052212729,434.7826086956522,50.44940727272697,0.8629129076595399,1.4016256646316347,5.402232519776193,4.761902172970517,True
RT/duroid 6010.2LM,10.2,0.0023,3.302512,0.026898305084745767,25.941524666143145,18.338762254482557,475.7354533711941,8.493326583375811,491.6382973638813,True,7.274706476090498,56.57259220201789,2469.385450559481,434.7826086956522,49.06443170720154,0.8672827211451601,1.4411887900437135,5.403783066202951,4.785390006572634,True
RT/duroid 6010.2LM,10.2,0.0023,3.400318,0.02769491525423729,25.941524666143145,18.294208519647114,474.5796615599917,8.467775165409066,493.7680846710558,True,7.261262440582588,54.788425524932315,2542.517848906233,434.7826086956522,47.7433140169029,0.8714124116448021,1.4810669849830456,5.405301699852467,4.807539113440606,True
RT/duroid 6010.2LM,10.2,0.0023,3.498124,0.028491525423728816,25.941524666143145,18.249205939419337,473.4122260149727,8.442888952540518,495.7691061858554,True,7.247338718838218,53.10266865226037,2615.650247252985,434.7826086956522,46.48188077618133,0.8753209952698446,1.521259299169837,5.406789569663946,4.828463024571753,True
RT/duroid 6010.2LM,10.2,0.0023,3.59593,0.02928813559322034,25.941524666143145,18.203778709232562,472.2337744025679,8.418639573603034,497.65130494911745,True,7.232971092759943,51.507376620739414,2688.7826455997374,434.7826086956522,45.27630011302349,0.8790255509691988,1.5617651780438886,5.4082477654899,4.848262756087157,True
RT/duroid 6010.2LM,10.2,0.0023,3.693736,0.030084745762711865,25.941524666143145,18.157949665495785,471.0448991340446,8.3950003230856,499.42364227456346,True,7.218191899233551,49.995441225488406,2761.9150439464893,434.7826086956522,44.12304961410129,0.8825414584321484,1.602593314341829,5.4096773220325245,4.867028482408991,True
RT/duroid 6010.2LM,10.2,0.0023,3.791542,0.030881355932203394,25.941524666143145,18.11174037884071,469.84615978447704,8.371946037476397,501.0942151111233,True,7.203030459340358,48.56048340798522,2835.0474422932416,434.7826086956522,43.01888740429376,0.8858826021740095,1.6437240191631213,5.411079222459304,4.8848409491608935,True
RT/duroid 6010.2LM,10.2,0.0023,3.889348,0.03167796610169492,25.941524666143145,18.065171239653946,468.63808531158264,8.349452982644149,502.6703571111053,True,7.187513442747236,47.19676185613606,2908.1798406399935,434.7826086956522,41.960826119395925,0.8890615472158837,1.6851689026927783,5.412454401728634,4.90177267162206,True
RT/duroid 6010.2LM,10.2,0.0023,3.987154,0.03247457627118644,25.941524666143145,18.01826153664285,467.42117609383877,8.327498751111806,504.15872595673574,True,7.171665178598444,45.89909503492519,2981.312238986746,434.7826086956522,40.9461094983788,0.8920896908146534,1.7269284355832426,5.413803749652864,4.917888955607871,True
RT/duroid 6010.2LM,10.2,0.0023,4.08496,0.033271186440677974,25.941524666143145,17.971029529099884,466.19590580513153,8.306062168211781,505.56537905572986,True,7.155507922012253,44.662794398667636,3054.444637333498,434.7826086956522,39.972191336431045,0.894977393927315,1.7690033029628922,5.415128113723208,4.933248770607297,True
RT/duroid 6010.2LM,10.2,0.0023,4.182766,0.034067796610169496,25.941524666143145,17.92349251345811,464.9627231413056,8.285123206229288,506.8958393578819,True,7.139062083544115,43.48360695638266,3127.57703568025,434.7826086956522,39.03671655863628,0.8977340954671275,1.8113943765960137,5.416428301718311,4.947905499437106,True
RT/duroid 6010.2LM,10.2,0.0023,4.280572,0.03486440677966102,25.941524666143145,17.875666884666522,463.7220534123348,8.264662905742423,508.15515275236135,True,7.122346427603574,42.35766569585453,3200.709434027002,434.7826086956522,38.137504194302515,0.9003684118984623,1.854102691571632,5.417705084116019,4.961907584241844,True
RT/duroid 6010.2LM,10.2,0.0023,4.378378,0.035661016949152545,25.941524666143145,17.827568192857832,462.4743000123704,8.244663303456768,509.3479382662685,True,7.10537824472085,41.28144663885797,3273.841832373754,434.7826086956522,37.272532052276546,0.902888224299585,1.8971294267019938,5.418959196325874,4.975299085124564,True
RT/duroid 6010.2LM,10.2,0.0023,4.476184,0.03645762711864407,25.941524666143145,17.779211195732124,461.2198457786532,8.22510736591017,510.47843208863014,True,7.088173501687251,40.25173151446594,3346.9742307205065,434.7826086956522,36.43992291720869,0.9053007546796507,1.940475887975637,5.420191340758004,4.988120164843725,True
RT/duroid 6010.2LM,10.2,0.0023,4.57399,0.0372542372881356,25.941524666143145,17.730609907035994,459.9590542491362,8.205978928491579,511.55052628214577,True,7.070746972893468,39.265575210543304,3420.106629067259,434.7826086956522,35.6379321052048,0.9076126330535853,1.9841434945396603,5.42140218874258,5.00040751070936,True
RT/duroid 6010.2LM,10.2,0.0023,4.671796,0.038050847457627116,25.941524666143145,17.681777641478373,458.6922708276696,8.187262639277797,512.5678029111104,True,7.053112355624383,38.32027730409906,3493.2390274140103,434.7826086956522,34.864936234371726,0.9098299565447633,2.0281337667855195,5.422592382312557,5.012194702942248,True
RT/duroid 6010.2LM,10.2,0.0023,4.769602,0.038847457627118644,25.941524666143145,17.632727056390163,457.41982386471506,8.168943907244614,513.533564202797,True,7.035282371610253,37.41335708580563,3566.3714257607626,434.7826086956522,34.11942308133826,0.9119583415914029,2.072448316194092,5.423762535861199,5.023512537235321,True
RT/duroid 6010.2LM,10.2,0.0023,4.867408,0.03964406779661017,25.941524666143145,17.58347019040429,456.14202566076557,8.151008854455318,514.4508592670131,True,7.017268856759776,36.54253158790835,3639.503824107515,434.7826086956522,33.39998240891729,0.9140029701710402,2.117088836656623,5.424913237684726,5.034389308007691,True
RT/duroid 6010.2LM,10.2,0.0023,4.965214,0.0404406779661017,25.941524666143145,17.534018499406084,454.85917339895315,8.133444271870543,515.3225078211957,True,6.999082840694036,35.705696202021585,3712.636222454267,434.7826086956522,32.705297662728476,0.9159686308224615,2.1620570970417132,5.426045051419541,5.044851057814361,True
RT/duroid 6010.2LM,10.2,0.0023,5.06302,0.04123728813559323,25.941524666143145,17.48438288997968,453.571550012699,8.116237578459694,516.1511213035609,True,6.98073461744781,34.900907537152754,3785.76862080102,434.7826086956522,32.034138445912824,0.9178597551313474,2.207354934816076,5.427158517382451,5.054921797526286,True
RT/duroid 6010.2LM,10.2,0.0023,5.160826,0.04203389830508475,25.941524666143145,17.434573750555007,452.2794249937145,8.099376783326335,516.9391217022985,True,6.96223380849618,34.126368221258616,3858.901019147771,434.7826086956522,31.38535369115009,0.9196804502507523,2.252984250561857,5.428254153821705,5.064623701192044,True
RT/duroid 6010.2LM,10.2,0.0023,5.258631,0.04283050847457628,25.941524666143145,17.38460098044044,450.9830551451519,8.082850450588452,517.6887583828111,True,6.9435894190911425,33.3804133937378,3932.0334174945233,434.7826086956522,30.757865458145982,0.9214345279473439,2.298947003258152,5.429332458085765,5.073977278906899,True
RT/duroid 6010.2LM,10.2,0.0023,5.356437,0.043627118644067805,25.941524666143145,17.33447401690946,449.68268528427416,8.066647666779884,518.4021231560896,True,6.924809888748645,32.66149867312453,4005.1658158412756,434.7826086956522,30.150663292704206,0.923125530596477,2.3452452062173865,5.430393907716262,5.083001530526268,True
RT/duroid 6010.2LM,10.2,0.0023,5.454243,0.044423728813559334,25.941524666143145,17.284201860494104,448.3785488986051,8.050758010561747,519.0811637983213,True,6.9059031366057235,31.96818941516077,4078.2982141880284,434.7826086956522,29.562799090538316,0.9247567544916476,2.391880923583479,5.431438961470904,5.091714082650844,True
RT/duroid 6010.2LM,10.2,0.0023,5.552049,0.04522033898305085,25.941524666143145,17.233793098624286,447.0708687591694,8.035171524552883,519.7276962037488,True,6.886876602266062,31.299151102441325,4151.430612534779,434.7826086956522,28.993382415214256,0.9263312707849377,2.438856267314789,5.4324680602816455,5.100131310966144,True
RT/duroid 6010.2LM,10.2,0.0023,5.649855,0.046016949152542376,25.941524666143145,17.18325592773971,445.7598574941102,8.01987868910633,520.3434153288587,True,6.867737282666855,30.653140728791893,4224.563010881532,434.7826086956522,28.441576225132863,0.9278519443333338,2.486173394585476,5.433481628152963,5.108268449728726,True
RT/duroid 6010.2LM,10.2,0.0023,5.747661,0.046813559322033904,25.941524666143145,17.13259817399,444.4457181256806,8.004870397874885,520.9299050655025,True,6.848491765427674,30.028999060144713,4297.695409228284,434.7826086956522,27.90659296934627,0.9293214506901312,2.5338345055499585,5.434480073004653,5.1161396899454505,True
RT/duroid 6010.2LM,10.2,0.0023,5.845467,0.04761016949152543,25.941524666143145,17.081827312628622,443.1286445733531,7.990137935023302,521.488647163002,True,6.829146259080779,29.425643669481556,4370.827807575037,434.7826086956522,27.387691016326126,0.930742291450057,2.5818418414225754,5.43546378746319,5.12375826758353,True
RT/duroid 6010.2LM,10.2,0.0023,5.943273,0.048406779661016947,25.941524666143145,17.030950486197,441.80882212554206,7.975672953957536,522.0210293042059,True,6.80970662053008,28.842062656879776,4443.960205921788,434.7826086956522,26.884171383630054,0.9321168081304788,2.630197682832663,5.436433149605373,5.131136542971557,True
RT/duroid 6010.2LM,10.2,0.0023,6.041079,0.049203389830508475,25.941524666143145,16.97997452158735,440.4864278822404,7.961467457453132,522.5283524274721,True,6.790178380041641,28.277308977203695,4517.0926042685405,434.7826086956522,26.395374739805508,0.9334471947484343,2.6789043484194615,5.4373885236576305,5.138286072400184,True
RT/duroid 6010.2LM,10.2,0.0023,6.138885,0.05,25.941524666143145,16.928905946065075,439.16163117066446,7.94751377907526,523.0118373753352,True,6.770566764030331,27.730495307840624,4590.225002615292,434.7826086956522,25.920678652877157,0.9347355092337009,2.727964193637747,5.438330260654132,5.145217672801456,True
